series_ticker,events,median_h,share_over_1h
KXRANKLISTSONGSPOTUSA,29,403.04555555555555,0.9655172413793104
KXSBGUESTS,9,58.46611111111111,1.0
KXRAIN,290,1.0,0.03103448275862069
KXOSCARNOMPIC,17,0.14972222222222223,0.0
KXTIME,9,0.09388888888888888,0.0
KXNBATOTAL,2986,0.0005555555555555556,0.0056932350971198925
KXMLBTOTAL,7147,0.0002777777777777778,0.11613264306702113
KXTOPARTIST,2,6.944444444444444e-05,0.0
KXCPIYOY,178,0.0,0.0
ECMOV,1,0.0,0.0
KXAAAGASM,198,0.0,0.010101010101010102
KXAAAGASW,422,0.0,0.0
KXATPCHALLENGERMATCH,459,0.0,0.0
KXATPMATCH,2691,0.0,0.0
KXBRENTD,694,0.0,0.0
KXCPI,182,0.0,0.005494505494505495
KXHIGHAUS,989,0.0,0.0
KXHIGHCHI,1325,0.0,0.0
KXHIGHDEN,671,0.0,0.0
KXHIGHLAX,624,0.0,0.0
KXHIGHMIA,887,0.0,0.0
KXHIGHNY,1320,0.0,0.0
KXHIGHPHIL,670,0.0,0.0
KXHIGHTATL,230,0.0,0.0
KXHIGHTBOS,229,0.0,0.0
KXFED,210,0.0,0.0
KXFEDDECISION,28,0.0,0.0
KXFIRSTSUPERBOWLSONG,1,0.0,0.0
KXGDP,75,0.0,0.0
KXGOLDD,839,0.0,0.0
KXGOVFLNOMR,1,0.0,0.0
KXGRAMSOTY,4,0.0,0.0
CONTROLH,1,0.0,0.0
KXHIGHTSFO,251,0.0,0.0
KXHIGHTSEA,251,0.0,0.0
KXHIGHTPHX,230,0.0,0.0
KXHIGHTMIN,230,0.0,0.0
KXHIGHTLV,251,0.0,0.0
KXHIGHTHOU,223,0.0,0.0
KXHIGHTDC,245,0.0,0.0
KXHIGHTDAL,223,0.0,0.0
KXLOWTAUS,270,0.0,0.0
KXLOWTCHI,273,0.0,0.0
KXLOWTMIA,267,0.0,0.0
KXINX,709,0.0,0.0
KXITFWMATCH,317,0.0,0.0
KXLIUSAELIMINATION,6,0.0,0.16666666666666666
KXIPLGAME,73,0.0,0.0
KXINXY,4,0.0,0.0
KXMLBSPREAD,2975,0.0,0.0003361344537815126
KXMLBGAME,2437,0.0,0.0
KXNBAGAME,1432,0.0,0.0
KXNASDAQ100,661,0.0,0.0
KXNBASPREAD,3513,0.0,0.0
KXNCAAFGAME,1383,0.0,0.0
KXNCAAMBGAME,5099,0.0,0.0
KXNASDAQ100Y,5,0.0,0.0
KXNETFLIXRANKMOVIE,80,0.0,0.0
KXNETFLIXRANKSHOW,78,0.0,0.0
KXNFLGAME,406,0.0,0.0
KXLOWTDEN,271,0.0,0.0
KXLOWTNYC,276,0.0,0.0
KXMAYORNYCPARTY,1,0.0,0.0
KXLIUSAELIMINATIONW,23,0.0,0.30434782608695654
KXITFMATCH,338,0.0,0.0
POPVOTE,1,0.0,0.0
KXWCGAME,104,0.0,0.0
KXWCSCORE,102,0.0,0.0
KXNHLGAME,1548,0.0,0.0
KXNETFLIXRANKSHOWRUNNERUP,37,0.0,0.0
KXPAYROLLS,138,0.0,0.0
KXRAINNYC,4,0.0,0.25
KXOSCARPIC,5,0.0,0.0
KXSPOTIFYD,299,0.0,0.0
KXRT,537,0.0,0.0
KXSHIBA,78,0.0,0.0
KXSENATEMID,1,0.0,0.0
KXU3,132,0.0,0.0
KXTNOTEW,42,0.0,0.0
KXUFCFIGHT,605,0.0,0.0
KXVOTEPRIMARY,280,0.0,0.0035714285714285713
POWER,1,0.0,0.0
POPVOTEMOV,1,0.0,0.0
POPVOTEMOVSMALL,1,0.0,0.0
KXWNBAGAME,624,0.0,0.0
KXWTACHALLENGERMATCH,130,0.0,0.0
KXWTAMATCH,2663,0.0,0.0
KXWTI,1196,0.0,0.0
KXWTIW,70,0.0,0.0
PRESPARTYFULL,1,0.0,0.0
PRES,1,0.0,0.0
SENATEAZ,1,0.0,0.0
POPVOTEMOVSMALLER,1,0.0,0.0
KXNFLSPREAD,1914,-0.0002777777777777778,0.0
KXOSCARACTO,5,-0.0002777777777777778,0.0
KXOSCARACTR,5,-0.00125,0.0
KXOSCARSUPACTO,5,-0.0025,0.0
