family,horizon,group,n_obs,n_events,alpha,alpha_lo,alpha_hi,beta,beta_lo,beta_hi,BS,BS_lo,BS_hi,REL,REL_lo,REL_hi,RES,RES_lo,RES_hi,UNC,UNC_lo,UNC_hi,BSS,BSS_lo,BSS_hi,reliable
crypto,1h,crypto 1h,15,5,,,,,,,0.016439999999999993,9.999999999999999e-05,0.061374999999999985,0.01643384615384615,0.0001,0.061362499999999986,0.06222222222222222,0.0,0.1875,0.06222222222222222,0.0,0.1875,0.7357857142857144,0.6624833333333333,0.7429185185185185,False
crypto,1d,crypto 1d,6,1,,,,,,,0.0002,0.0002,0.0002,0.0001777777777777778,0.0001777777777777778,0.0001777777777777778,0.0,0.0,0.0,0.0,0.0,0.0,,,,False
crypto,7d,crypto 7d,4,1,,,,,,,0.01016875,0.01016875,0.01016875,0.010015625,0.010015625,0.010015625,0.0,0.0,0.0,0.0,0.0,0.0,,,,False
crypto,30d,crypto 30d,5,1,,,,,,,0.066235,0.066235,0.066235,0.06621250000000001,0.06621250000000001,0.06621250000000001,0.0,0.0,0.0,0.0,0.0,0.0,,,,False
culture,1h,culture 1h,1310,234,-0.2627600699062667,-0.5312366393234093,0.020722394056857416,1.2930274457136122,1.1236272137641312,1.5928162669816606,0.01629219465648855,0.01019787566106504,0.023131724129143515,0.0010036173361560072,0.0008034408971248234,0.0033599914822629593,0.1891415801181426,0.1746912916043802,0.20522815762601043,0.20464075520074587,0.19079756355629274,0.21798217016348878,0.9203863637010797,0.8859749961176143,0.950708824415053,True
culture,1d,culture 1d,1109,200,0.13592314570467534,-0.16250851887223303,0.39902265700743667,1.1727661966667204,0.970353037629553,1.5230054115378233,0.03663728584310189,0.025636357837971663,0.05110234075897308,0.001980651893352511,0.0014133192672136973,0.0062705807841565535,0.17681284695016328,0.15753605118201808,0.19721041398677197,0.21188879249293224,0.19608535740582958,0.22546994342045998,0.827091912639391,0.7525564991882209,0.8797511421325729,True
culture,7d,culture 7d,372,60,-0.03118645421020971,-0.5902985538151018,0.5586914735715283,1.128843811879657,0.9072422913785685,1.467415762091129,0.0836630376344086,0.06245819573075899,0.11230329972785749,0.006033466568503087,0.0045075150260943195,0.02025997322054866,0.12725794533587578,0.09571516642725279,0.16146821341998904,0.20490085559024168,0.17138973266043564,0.23429323613172923,0.5916901498853818,0.46162330594196904,0.6802123081295602,True
culture,30d,culture 30d,174,23,-0.2392376826670987,-0.5443544682399523,0.013503455747350327,0.8901877529850072,0.6902512379437841,1.194875485138455,0.08636824712643677,0.05868015355120132,0.11695060370370365,0.009577183952805528,0.006947515657751608,0.0378707607939244,0.0802768585628767,0.04592548850613097,0.12384789670547448,0.1572202404544854,0.10884352171452323,0.19313855578231057,0.45065440126050427,0.16066672535446777,0.6225634317092061,True
economics,1h,economics 1h,2971,519,-0.18563405459885274,-0.42237507158509063,0.058269833338072105,1.2072975352226365,1.0970381622123246,1.3393811966934692,0.06175782775159879,0.05385191864654002,0.07097337546074053,0.0009722504843308658,0.0006750633187702877,0.0028913687851533252,0.17975790326955784,0.16897196362029396,0.19004463688539192,0.2404393599023705,0.23367679633290392,0.24538377417191273,0.7431459317780778,0.7044574025543192,0.7763276017896873,True
economics,1d,economics 1d,1807,345,-0.20874382353524615,-0.4900215039787247,0.09787807415261317,1.0334584155848694,0.9394155457883487,1.1592361513281688,0.08351279164360818,0.07098846622911775,0.09718487058894869,0.0009494011495396977,0.00056468137675107,0.004978981788684596,0.15303488672483676,0.13988552050081038,0.16741655514607037,0.23604019172810406,0.22576395848204478,0.2435789404856891,0.6461924936080081,0.5890602373239633,0.6971066479988263,True
economics,7d,economics 7d,1049,231,-0.38517085894201253,-0.7368675446192808,-0.02625243158917084,1.045499267100366,0.9249927892887463,1.2072546311255894,0.09222722044804575,0.07785555433527312,0.10849946921718163,0.0025151553823207044,0.0014112710978551087,0.009278168916117291,0.15488945018754888,0.140601587339826,0.17145523971264762,0.24495615689189668,0.2379120884147463,0.24917480615687598,0.623494989396216,0.5540526067489354,0.6841073199697857,True
economics,30d,economics 30d,409,115,-0.3513606101940681,-0.825576854603843,0.12510298294740174,1.1410529298402996,0.9172033757242671,1.5222043139696695,0.08762457396088019,0.06559266859221938,0.11503926539503524,0.003914524390036052,0.002879006002340552,0.015007322460940121,0.1579176921813413,0.13379598487699923,0.18555653145427964,0.24246626933124504,0.22690550594673997,0.24957392389381278,0.6386112831176036,0.5245078898089248,0.7291211744662205,True
politics,1h,politics 1h,70,27,,,,,,,9.571785714285725e-05,6.0166426798174994e-05,0.00015183559568230287,6.947132142857106e-05,4.127474969753412e-05,0.00011823136699904782,0.2040816326530612,0.1531996988337819,0.245953996642562,0.20408163265306123,0.15319969883378187,0.24595399664256198,0.9995309825,0.9993173325706092,0.9996794036913647,False
politics,1d,politics 1d,58,26,,,,,,,0.00011326724137931027,5.9262729322139325e-05,0.00022096471354166622,7.134631568144513e-05,3.967582049345748e-05,0.00014222462716973863,0.19976218787158145,0.14437499999999998,0.24535123966942143,0.19976218787158145,0.14437499999999998,0.24535123966942146,0.9994329895833334,0.9989626273529412,0.9996891528571429,False
politics,7d,politics 7d,76,26,,,,,,,0.0022607960526315795,0.00038356780632411075,0.004151851235781194,0.002100257393092105,0.00020421074178246263,0.004010261679422566,0.2207409972299169,0.14616949240270052,0.24986508556510362,0.2207409972299169,0.14616949240270055,0.2498650855651036,0.9897581505882352,0.9749436056919643,0.9984397163461538,False
politics,30d,politics 30d,53,17,,,,,,,0.009858877358490567,0.002454695000000001,0.023183685009398488,0.009722334490116802,0.0023461071587079167,0.023065300507407908,0.19437522249911,0.13015899513295345,0.2469135802469136,0.19437522249911002,0.13015899513295345,0.24691358024691357,0.9492791456043956,0.886538499505814,0.9890589146577381,False
sports,1d,sports 1d,765,368,-0.03048115119905055,-0.1558694192859581,0.09587010183901075,1.0620948977904818,0.881547779510744,1.2955739688962864,0.17392480392156864,0.15514798437596564,0.1934991196236559,0.0010584956156620316,0.0009823017037052944,0.0066381849068126815,0.06648500890620967,0.05305175722367335,0.0828121538726641,0.2386500918450169,0.2287050955372838,0.24560464007663346,0.2712141756286516,0.20037547725989316,0.3336422124373962,True
sports,7d,sports 7d,90,52,-0.09948330750176913,-0.4976295519736891,0.39319410456955745,1.458913676766731,0.960318051528856,2.5073216432704877,0.14986777777777777,0.11468593367346938,0.1853477353364098,0.010879488846801342,0.008828321749235084,0.05276246699429665,0.10156565656565657,0.0706648871961372,0.1674794795243685,0.24,0.2234566342633506,0.24872595570137196,0.375550925925926,0.21106025814961232,0.5260616255292383,False
weather,1h,weather 1h,2569,811,-0.6793635900844641,-1.7017682397742455,0.009653745415454058,1.6474804942455605,1.4710147990338303,2.158085594452125,0.004600564421954069,0.002800250826704641,0.006769038613026268,0.0008413778338479506,0.0006113265873434736,0.0025270042096696872,0.20711190693285014,0.20222520834353028,0.21296499073052885,0.2108209676077664,0.20593628968054276,0.21574519874951856,0.9781778611769136,0.9678395512339875,0.9866755873138603,True
weather,1d,weather 1d,58,38,-0.4540762903259007,-1.1251709963545418,0.6156970681615402,0.763758485943039,0.46858245252031117,1.5656487995686263,0.1296366379310345,0.0784660904477197,0.18408235169491524,0.023493365987460813,0.014872402062747037,0.09811635451484783,0.09502080856123662,0.052349388019498004,0.18655153373940725,0.19976218787158145,0.1368595041322314,0.24063612264912057,0.3510451636904761,-0.08879162822420641,0.6372737798932073,False
