horizon,variant,obs,events,beta [95% CI]
1d,main specification,2355,867,"1.02 [0.92, 1.12]"
1d,"volume >= 1,000",7342,2221,"0.98 [0.92, 1.05]"
1d,"volume >= 100,000",595,269,"1.14 [0.93, 1.39]"
1d,midpoint prices only,2232,837,"1.03 [0.94, 1.15]"
1d,last-trade prices only,123,91,"0.85 [0.65, 1.20]"
1d,2024 and earlier,361,139,"1.06 [0.89, 1.30]"
1d,2025,526,210,"0.90 [0.71, 1.13]"
1d,2026,1468,518,"1.06 [0.94, 1.22]"
1h,main specification,2135,710,"1.19 [1.09, 1.32]"
1h,"volume >= 1,000",3810,1154,"1.19 [1.11, 1.28]"
1h,"volume >= 100,000",408,182,"1.11 [0.93, 1.38]"
1h,midpoint prices only,1810,621,"1.17 [1.06, 1.30]"
1h,last-trade prices only,325,218,"1.32 [1.13, 1.68]"
1h,2024 and earlier,534,203,"1.32 [1.10, 1.62]"
1h,2025,373,133,"1.03 [0.87, 1.30]"
1h,2026,1228,374,"1.22 [1.08, 1.42]"
